lineage,spike,class
B.1.427,D614G;L452R,De-escalated
B.1.429,D614G;L452R,De-escalated
B.1.616,D614G;G669S;H655Y;V483A,De-escalated
A.23.1,E484K;P681R;Q613H;V367F,Monitoring
A.27,A653V;H655Y;L452R;N501Y,Monitoring
A.28,H655Y;N501T,Monitoring
AT.1,D614G;E484K;N679K;ins679GIAL,Monitoring
AV.1,D614G;E484K;N439K;P681H,Monitoring
B.1.1.318,D614G;E484K;P681H,Monitoring
B.1.1.519,D614G;P681H;T478K,Monitoring
B.1.1.7,D614G;L452R;N501Y;P681H,Monitoring
B.1.1.7,D614G;N501Y;P681H;S494P,Monitoring
B.1.214.2,D614G;N450K;Q414K,Monitoring
B.1.351,A701V;D614G;E484K;E516Q;K417N;N501Y,Monitoring
B.1.351,A701V;D614G;E484K;K417N;N501Y;P384L,Monitoring
B.1.526,A701V;D614G;E484K,Monitoring
B.1.526.1,D614G;L452R,Monitoring
B.1.526.2,D614G;S477N,Monitoring
C.16,D614G;L452R,Monitoring
C.36,D614G;L452R;Q677H,Monitoring
C.36.1,D614G;L452R;Q677H,Monitoring
C.36.2,D614G;L452R;Q677H,Monitoring
P.2,D614G;E484K,Monitoring
B.1.1.7,D614G;N501Y;P681H,VOC
B.1.1.7,D614G;E484K;N501Y;P681H,VOC
B.1.351,A701V;D614G;E484K;K417N;N501Y,VOC
B.1,A701V;D614G;E484K;K417N;N501Y,VOC
B.1.351.1,A701V;D614G;E484K;K417N;N501Y,VOC
B.1.351.2,A701V;D614G;E484K;K417N;N501Y,VOC
B.1.351.3,A701V;D614G;E484K;K417N;N501Y,VOC
B.1.351.4,A701V;D614G;E484K;K417N;N501Y,VOC
B.1.617.2,D614G;L452R;P681R;T478K,VOC
P.1,D614G;E484K;H655Y;K417T;N501Y,VOC
P.1.1,D614G;E484K;H655Y;K417T;N501Y,VOC
P.1.2,D614G;E484K;H655Y;K417T;N501Y,VOC
P.1.3,D614G;E484K;H655Y;K417T;N501Y,VOC
P.1.4,D614G;E484K;H655Y;K417T;N501Y,VOC
P.1.5,D614G;E484K;H655Y;K417T;N501Y,VOC
P.1.6,D614G;E484K;H655Y;K417T;N501Y,VOC
P.1.7,D614G;E484K;H655Y;K417T;N501Y,VOC
AY.1,D614G;L452R;P681R;T478K,VOC
AY.2,D614G;L452R;P681R;T478K,VOC
AY.3,D614G;L452R;P681R;T478K,VOC
B.1.525,D614G;E484K;Q677H,VOI
B.1.617.1,D614G;E484Q;L452R;P681R,VOI
B.1.617.3,D614G;E484Q;L452R;P681R,VOI
B.1.620,D614G;E484K;P681H;S477N,VOI
B.1.621,D614G;E484K;N501Y;P681H;R346K,VOI
C.37,D614G;F490S;L452Q,VOI
P.3,D614G;E484K;N501Y;P681H,VOI
B.1.621.1,D614G;E484K;N501Y;P681H;R346K,VOI
